﻿pos_x,pos_y,rotation,side,designator,mpn,pack,value,mount_type,place
170.0,-74.7,90.0,top,D1,,SolderWire-0.1sqmm_1x03_P3.6mm_D0.4mm_OD1mm_Relief,Conn_01x03_Socket,tht,True
170.0,-85.1,90.0,top,D2,,SolderWire-0.1sqmm_1x03_P3.6mm_D0.4mm_OD1mm_Relief,Conn_01x03_Socket,tht,True
170.0,-95.5,90.0,top,D4,,SolderWire-0.1sqmm_1x03_P3.6mm_D0.4mm_OD1mm_Relief,Conn_01x03_Socket,tht,True
175.5,-105.0,180.0,top,F1,,Fuseholder_Cylinder-5x20mm_Schurter_0031_8201_Horizontal_Open,Fuse,tht,True
131.5,-64.0,0.0,top,H1,,MountingHole_2.2mm_M2,MountingHole,tht,False
180.5,-64.0,0.0,top,H2,,MountingHole_2.2mm_M2,MountingHole,tht,False
180.5,-107.5,0.0,top,H3,,MountingHole_2.2mm_M2,MountingHole,tht,False
131.5,-107.5,0.0,top,H4,,MountingHole_2.2mm_M2,MountingHole,tht,False
146.0,-105.0,180.0,top,Input1,,SolderWire-1sqmm_1x02_P7.8mm_D1.4mm_OD3.9mm,Conn_01x02_Socket,tht,True
137.27,-72.21,0.0,top,U1,,WEMOS_D1_mini_light,WeMos_D1_mini,tht,True
